asset_id,file,title,source_url,holder,licence,author,attribution_required,attribution_text,notes
P01,raw/P01_watercolour_1869.png,"Suez projet (Egypt Carrying the Light to Asia), watercolour, 1869",https://commons.wikimedia.org/wiki/File:Suez_projet_Auguste_Bartholdi.jpg,"Musée Bartholdi, Colmar (original); Wikimedia Commons (photo)",Public domain (PD-old-100; Public Domain Mark),Frédéric Auguste Bartholdi,no,"Bartholdi, Suez lighthouse project, 1869. Musée Bartholdi, Colmar, via Wikimedia Commons","1827x2550. Fetched through Higgsfield media_import_url (Commons rate-limits this machine), media 7eaef211; identical pixel size to the Commons original; no credits used (balance 3,501.32 before and after)."
A02,raw/A02_bartholdi_nadar.png,"Auguste Bartholdi, portrait",https://commons.wikimedia.org/wiki/File:Bartholdi,_Auguste,_Nadar,_GALLICA.jpg,BnF Gallica,Public domain (PD-old-100),Nadar (studio),no,"Bartholdi by Nadar, BnF Gallica, via Wikimedia Commons","1198x1950. Higgsfield import 2eb23549. The 1876 Falk portrait (CC0, NPG) was over the 50 MB import limit."
A03,raw/A03_memnon_bartholdi_1855.png,"Colossi of Memnon, photographed by Bartholdi, 1855",https://commons.wikimedia.org/wiki/File:A_Bartholdi_photo_des_Colosses_de_Memnon_1855.jpg,"Musée Bartholdi, Colmar",Public domain (PD-old-100),Frédéric Auguste Bartholdi,no,"Bartholdi, Colossi of Memnon, 1855. Musée Bartholdi, Colmar, via Wikimedia Commons",2672x3345. Higgsfield import 143bc591. Bartholdi's own photograph from the 1855-56 Nile trip.
A04,raw/A04_abu_simbel_ducamp_1850.png,"Westernmost colossus, Great Temple, Abu Simbel, 1850",https://commons.wikimedia.org/wiki/File:Maxime_Du_Camp_(French_-_Westernmost_Colossus,_the_Great_Temple,_Abu_Simbel_-_Google_Art_Project.jpg,J. Paul Getty Museum,Public domain (PD-old-100),Maxime Du Camp,no,"Maxime Du Camp, Abu Simbel, 1850. J. Paul Getty Museum, via Wikimedia Commons",3155x4435. Higgsfield import ed71e215.
A05,derived/A05_khedive_ismail.jpg,"The Khedive [Isma'il Pasha], c. 1860s",https://www.loc.gov/item/92500741/,Library of Congress Prints & Photographs,No known restrictions on publication (PD-US),Unknown,no,"Library of Congress, Prints & Photographs Division","IIIF service:pnp:cph:3c00000:3c04000:3c04800:3c04847v at 3000 px; print border cropped in derive.py."
A06,raw/A06_suez_opening_blessing_1869.jpg,"Egypt: opening of the Suez Canal, blessing the canal at Port Said (engraving, 1870)",https://www.loc.gov/item/91786320/,Library of Congress,No known restrictions on publication,Frank Leslie's Illustrated Newspaper,no,"Frank Leslie's Illustrated Newspaper, 1870. Library of Congress",Master TIFF is only 1536x1010.
A07,raw/A07_port_said_lighthouse_1885.png,"Townscape with the Port Said lighthouse, c. 1885",https://commons.wikimedia.org/wiki/File:Stadsgezicht_met_de_vuurtoren_van_Port_Said_Vuurtoren_van_Port_Said_(titel_op_object),_RP-F-F01153-AS.jpg,Rijksmuseum,CC0 (public domain),C. & G. Zangaki,no,"C. & G. Zangaki, Port Said lighthouse, c. 1885. Rijksmuseum",4136x3326. Higgsfield import 18b843b6.
A08,raw/A08_laboulaye_nadar.png,"Édouard René de Laboulaye",https://commons.wikimedia.org/wiki/File:%C3%89douard_Ren%C3%A9_de_Laboulaye_by_Nadar.jpg,BnF,Public domain (PD-old-100),Nadar,no,"Laboulaye by Nadar, BnF, via Wikimedia Commons",1908x2634. Higgsfield import 02564009.
A09a,raw/A09a_liberty_assembly_paris.jpg,"Assemblage of the Statue of Liberty in Paris (Gaget, Gauthier & Co.), 1881-83",https://www.loc.gov/item/2020634761/,Library of Congress,No known restrictions on publication,Albert Fernique,no,"Albert Fernique, 1881-83. Library of Congress","Master TIFF 6685x10352, reduced to 3000 px."
A09b,raw/A09b_liberty_workshop_hand_head.jpg,"Workmen hammering copper, with the left hand and head, 1881-83",https://www.loc.gov/item/97502750/,Library of Congress,No known restrictions on publication,Pierre Petit (per LoC),no,"Library of Congress","Master TIFF 9063x6403, reduced to 3000 px."
A09c,raw/A09c_liberty_head_1878.jpg,"Head of the Statue of Liberty on display, Champ-de-Mars, Paris, 1878",https://www.loc.gov/item/97502744/,Library of Congress,No known restrictions on publication,Albert Fernique,no,"Albert Fernique, 1878. Library of Congress","Master TIFF 4835x5930, reduced to 3000 px."
A10,raw/A10_moran_unveiling_1886.png,"Unveiling of the Statue of Liberty Enlightening the World, 1886",https://commons.wikimedia.org/wiki/File:EdwardMoran-UnveilingTheStatueofLiberty1886Large.jpg,Museum of the City of New York,Public domain (PD-Art),Edward Moran,no,"Edward Moran, 1886. Museum of the City of New York, via Wikimedia Commons",1260x1600 (the only Commons copy). Higgsfield import 1b5f5679.
A11,derived/A11_lesseps_statue_matson.jpg,"Port Said: statue of de Lesseps at the entrance to the Suez Canal, c. 1900",https://www.loc.gov/pictures/item/mpc2004001448/,Library of Congress (Matson Collection),No known restrictions (PD-Matson),American Colony Photo Dept.,no,"American Colony Photo Dept. Library of Congress, Matson Collection",Left half of a stereo pair (derive.py).
A12,raw/A12_lesseps_statue_2013.png,"Statue of Ferdinand de Lesseps, 2013 (restored, Port Fouad shipyard)",https://commons.wikimedia.org/wiki/File:%D8%AA%D9%85%D8%AB%D8%A7%D9%84_%D8%A7%D9%84%D9%85%D9%87%D9%86%D8%AF%D8%B3_%D8%A7%D9%84%D9%81%D8%B1%D9%86%D8%B3%D9%89_%D9%81%D9%8A%D8%B1%D8%AF%D9%8A%D9%86%D8%A7%D9%86%D8%AF_%D8%AF%D9%8A%D9%84%D9%8A%D8%B3%D8%A8%D8%B3_%D8%A8%D8%A8%D9%88%D8%B1%D8%B3%D8%B9%D9%8A%D8%AF.jpg,Mohamed kamal 1984,CC BY-SA 4.0,Mohamed kamal 1984,yes,"Photo: Mohamed kamal 1984, CC BY-SA 4.0, via Wikimedia Commons","4256x2832. Higgsfield import f0459d9e. Location stated as Port Fouad in the script only as 'reportedly' [M]. ShareAlike: we show it unmodified; credit in description."
A13,derived/A13_suez_inauguration_fleet_1869.jpg,"Inauguration of the Suez Canal: the fleet departing, 1869 (stereo view)",https://commons.wikimedia.org/wiki/File:Inauguration_du_canal_de_Suez._Depart_de_la_flotte_de_Suez_(instantanee),_RP-F-F08484.jpg,Rijksmuseum,CC0 (public domain),Ferrier/Soulier & Léon & Lévy,no,"Rijksmuseum","Left half of a stereo pair. Higgsfield import d71db6a6."
A14,raw/A14_liberty_aerial_highsmith.jpg,"Aerial view of the Statue of Liberty",https://www.loc.gov/item/2011631940/,Library of Congress (Carol M. Highsmith Archive),No known restrictions on publication,Carol M. Highsmith,no,"Carol M. Highsmith Archive, Library of Congress",Thumbnail candidate and fallback for the flyovers.
N01,raw/N01_springfield_1886-10-15_p2.jpg,"Springfield Weekly Republican, 15 Oct 1886, p. 2",https://www.loc.gov/resource/sn83020847/1886-10-15/ed-1/?sp=2,Library of Congress (Chronicling America),Public domain (published 1886),Springfield Weekly Republican,no,"Springfield Weekly Republican, 15 Oct 1886. Library of Congress, Chronicling America","Full page via IIIF; text checked against the scan on 5 Oct 2026 (column 2: 'palmed off', 'female fellah', 'does not at all resemble the one now on Bedloe's island')."
L01,lidar/liberty_points.npz (fetch_lidar.py),"Liberty Island laser scan, USGS 3DEP project NJ_NE6County_B23 (2023), tile K7B6",https://rockyweb.usgs.gov/vdelivery/Datasets/Staged/Elevation/LPC/Projects/NJ_NE6County_B23/,U.S. Geological Survey,Public domain (US government work),U.S. Geological Survey,no (courtesy),"Lidar: U.S. Geological Survey, 3D Elevation Program",Used for the flyovers (C2/L4/O1) and the Liberty figure in V1.
G01,geo/ne_50m_land.geojson,Natural Earth 1:50m land,https://github.com/nvkelso/natural-earth-vector,Natural Earth,Public domain,Natural Earth,no,Natural Earth,Maps E4 and L2.
