asset_id,file,title,source_url,download_url,holder,licence,author,attribution_required,attribution_text,width,height,notes
1,A01_title_page.jpg,Catalogue title page,https://archive.org/details/descriptiveillus00lynd/page/n4/mode/1up,https://iiif.archive.org/image/iiif/3/descriptiveillus00lynd%2fdescriptiveillus00lynd_jp2.zip%2fdescriptiveillus00lynd_jp2%2fdescriptiveillus00lynd_0005.jp2/full/max/0/default.jpg,Internet Archive / Getty Research Institute (scan); work PD,Public domain (published 1890),Fred. C. Lynde (ed.); engravings by 'Industries' (anonymous),no,"Descriptive illustrated catalogue of the sixty-eight competitive designs for the great tower for London (Lynde, 1890). Getty Research Institute copy, via Internet Archive.",1820,3042,"Getty Research Institute copy, digitised 2011, 400 ppi. Full native resolution of the processed scan (IIIF full/max of the item's JP2; identical pixels to page/n4.jpg). Leaf = scandata leafNum; IA viewer page index n = leaf-1. Verified visually 3 Oct 2026. PD: published 1890, anonymous trade engravings (Industries); PDR classes it PD worldwide. Leaf 5."
1,A39plate_design39_p86.jpg,"Design No. 39 (John Heath), plate, printed p. 86",https://archive.org/details/descriptiveillus00lynd/page/n93/mode/1up,https://iiif.archive.org/image/iiif/3/descriptiveillus00lynd%2fdescriptiveillus00lynd_jp2.zip%2fdescriptiveillus00lynd_jp2%2fdescriptiveillus00lynd_0094.jp2/full/max/0/default.jpg,Internet Archive / Getty Research Institute (scan); work PD,Public domain (published 1890),Fred. C. Lynde (ed.); engravings by 'Industries' (anonymous),no,"Descriptive illustrated catalogue of the sixty-eight competitive designs for the great tower for London (Lynde, 1890). Getty Research Institute copy, via Internet Archive.",1820,3042,"Getty Research Institute copy, digitised 2011, 400 ppi. Full native resolution of the processed scan (IIIF full/max of the item's JP2; identical pixels to page/n93.jpg). Leaf = scandata leafNum; IA viewer page index n = leaf-1. Verified visually 3 Oct 2026. PD: published 1890, anonymous trade engravings (Industries); PDR classes it PD worldwide. Leaf 94. For shot D7. File prefix 'A39page'/'A39plate' matches edit/shots.py (shot D7 uses image=""A39page""); not to be confused with ASSETS.md #39 (Brent photo). Asset id is #1 (page of the catalogue)."
1,A39page_design39_p87_text.jpg,"Design No. 39 (John Heath), text, printed p. 87",https://archive.org/details/descriptiveillus00lynd/page/n94/mode/1up,https://iiif.archive.org/image/iiif/3/descriptiveillus00lynd%2fdescriptiveillus00lynd_jp2.zip%2fdescriptiveillus00lynd_jp2%2fdescriptiveillus00lynd_0095.jp2/full/max/0/default.jpg,Internet Archive / Getty Research Institute (scan); work PD,Public domain (published 1890),Fred. C. Lynde (ed.); engravings by 'Industries' (anonymous),no,"Descriptive illustrated catalogue of the sixty-eight competitive designs for the great tower for London (Lynde, 1890). Getty Research Institute copy, via Internet Archive.",1820,3042,"Getty Research Institute copy, digitised 2011, 400 ppi. Full native resolution of the processed scan (IIIF full/max of the item's JP2; identical pixels to page/n94.jpg). Leaf = scandata leafNum; IA viewer page index n = leaf-1. Verified visually 3 Oct 2026. PD: published 1890, anonymous trade engravings (Industries); PDR classes it PD worldwide. Leaf 95. For shot D7: this is the leaf with 'two Special Lifts, each to convey a carriage and pair of horses to the Promenade 100 feet high'. File prefix 'A39page'/'A39plate' matches edit/shots.py (shot D7 uses image=""A39page""); not to be confused with ASSETS.md #39 (Brent photo). Asset id is #1 (page of the catalogue)."
2,A02_spec_p8.jpg,"Specification of 1 Nov 1889, printed p. 8 (clause 1: 'assume that the foundations are perfect')",https://archive.org/details/descriptiveillus00lynd/page/n11/mode/1up,https://iiif.archive.org/image/iiif/3/descriptiveillus00lynd%2fdescriptiveillus00lynd_jp2.zip%2fdescriptiveillus00lynd_jp2%2fdescriptiveillus00lynd_0012.jp2/full/max/0/default.jpg,Internet Archive / Getty Research Institute (scan); work PD,Public domain (published 1890),Fred. C. Lynde (ed.); engravings by 'Industries' (anonymous),no,"Descriptive illustrated catalogue of the sixty-eight competitive designs for the great tower for London (Lynde, 1890). Getty Research Institute copy, via Internet Archive.",1820,3042,"Getty Research Institute copy, digitised 2011, 400 ppi. Full native resolution of the processed scan (IIIF full/max of the item's JP2; identical pixels to page/n11.jpg). Leaf = scandata leafNum; IA viewer page index n = leaf-1. Verified visually 3 Oct 2026. PD: published 1890, anonymous trade engravings (Industries); PDR classes it PD worldwide. Leaf 12. Clause 1 is the first item under 'Specification'."
3,A03_design37_p82.jpg,"Design No. 37 (Stewart, MacLaren & Dunn), winning design, plate, printed p. 82",https://archive.org/details/descriptiveillus00lynd/page/n89/mode/1up,https://iiif.archive.org/image/iiif/3/descriptiveillus00lynd%2fdescriptiveillus00lynd_jp2.zip%2fdescriptiveillus00lynd_jp2%2fdescriptiveillus00lynd_0090.jp2/full/max/0/default.jpg,Internet Archive / Getty Research Institute (scan); work PD,Public domain (published 1890),Fred. C. Lynde (ed.); engravings by 'Industries' (anonymous),no,"Descriptive illustrated catalogue of the sixty-eight competitive designs for the great tower for London (Lynde, 1890). Getty Research Institute copy, via Internet Archive.",1820,3042,"Getty Research Institute copy, digitised 2011, 400 ppi. Full native resolution of the processed scan (IIIF full/max of the item's JP2; identical pixels to page/n89.jpg). Leaf = scandata leafNum; IA viewer page index n = leaf-1. Verified visually 3 Oct 2026. PD: published 1890, anonymous trade engravings (Industries); PDR classes it PD worldwide. Leaf 90."
5,A05_design38_p84.jpg,"Design No. 38 (A. F. Hills), plate, printed p. 84",https://archive.org/details/descriptiveillus00lynd/page/n91/mode/1up,https://iiif.archive.org/image/iiif/3/descriptiveillus00lynd%2fdescriptiveillus00lynd_jp2.zip%2fdescriptiveillus00lynd_jp2%2fdescriptiveillus00lynd_0092.jp2/full/max/0/default.jpg,Internet Archive / Getty Research Institute (scan); work PD,Public domain (published 1890),Fred. C. Lynde (ed.); engravings by 'Industries' (anonymous),no,"Descriptive illustrated catalogue of the sixty-eight competitive designs for the great tower for London (Lynde, 1890). Getty Research Institute copy, via Internet Archive.",1820,3042,"Getty Research Institute copy, digitised 2011, 400 ppi. Full native resolution of the processed scan (IIIF full/max of the item's JP2; identical pixels to page/n91.jpg). Leaf = scandata leafNum; IA viewer page index n = leaf-1. Verified visually 3 Oct 2026. PD: published 1890, anonymous trade engravings (Industries); PDR classes it PD worldwide. Leaf 92. Higher-res than the Commons crop A05_design38_commons.jpg."
6,A06_design18_p44.jpg,"Design No. 18 (Harrison-Vasey), plate, printed p. 44",https://archive.org/details/descriptiveillus00lynd/page/n47/mode/1up,https://iiif.archive.org/image/iiif/3/descriptiveillus00lynd%2fdescriptiveillus00lynd_jp2.zip%2fdescriptiveillus00lynd_jp2%2fdescriptiveillus00lynd_0048.jp2/full/max/0/default.jpg,Internet Archive / Getty Research Institute (scan); work PD,Public domain (published 1890),Fred. C. Lynde (ed.); engravings by 'Industries' (anonymous),no,"Descriptive illustrated catalogue of the sixty-eight competitive designs for the great tower for London (Lynde, 1890). Getty Research Institute copy, via Internet Archive.",1820,3042,"Getty Research Institute copy, digitised 2011, 400 ppi. Full native resolution of the processed scan (IIIF full/max of the item's JP2; identical pixels to page/n47.jpg). Leaf = scandata leafNum; IA viewer page index n = leaf-1. Verified visually 3 Oct 2026. PD: published 1890, anonymous trade engravings (Industries); PDR classes it PD worldwide. Leaf 48."
6,A06_design18_p45_text.jpg,"Design No. 18 (Harrison-Vasey), text, printed p. 45 ('captive parachute to hold 4 persons')",https://archive.org/details/descriptiveillus00lynd/page/n48/mode/1up,https://iiif.archive.org/image/iiif/3/descriptiveillus00lynd%2fdescriptiveillus00lynd_jp2.zip%2fdescriptiveillus00lynd_jp2%2fdescriptiveillus00lynd_0049.jp2/full/max/0/default.jpg,Internet Archive / Getty Research Institute (scan); work PD,Public domain (published 1890),Fred. C. Lynde (ed.); engravings by 'Industries' (anonymous),no,"Descriptive illustrated catalogue of the sixty-eight competitive designs for the great tower for London (Lynde, 1890). Getty Research Institute copy, via Internet Archive.",1820,3042,"Getty Research Institute copy, digitised 2011, 400 ppi. Full native resolution of the processed scan (IIIF full/max of the item's JP2; identical pixels to page/n48.jpg). Leaf = scandata leafNum; IA viewer page index n = leaf-1. Verified visually 3 Oct 2026. PD: published 1890, anonymous trade engravings (Industries); PDR classes it PD worldwide. Leaf 49."
8,A08_design29_foldout.jpg,"Design No. 29 (Albert Brunel, Rouen), fold-out plate (between printed pp. 65 and 67)",https://archive.org/details/descriptiveillus00lynd/page/n72/mode/1up,https://iiif.archive.org/image/iiif/3/descriptiveillus00lynd%2fdescriptiveillus00lynd_jp2.zip%2fdescriptiveillus00lynd_jp2%2fdescriptiveillus00lynd_0073.jp2/full/max/0/default.jpg,Internet Archive / Getty Research Institute (scan); work PD,Public domain (published 1890),Fred. C. Lynde (ed.); engravings by 'Industries' (anonymous),no,"Descriptive illustrated catalogue of the sixty-eight competitive designs for the great tower for London (Lynde, 1890). Getty Research Institute copy, via Internet Archive.",2445,1587,"Getty Research Institute copy, digitised 2011, 400 ppi. Full native resolution of the processed scan (IIIF full/max of the item's JP2; identical pixels to page/n72.jpg). Leaf = scandata leafNum; IA viewer page index n = leaf-1. Verified visually 3 Oct 2026. PD: published 1890, anonymous trade engravings (Industries); PDR classes it PD worldwide. Leaf 73. Fold-out scanned SIDEWAYS (tower lies horizontal, top to the left): rotate 90 deg clockwise in the edit. A black scanning weight/magnet is visible at the top-left corner of the sheet; crop it."
8,A08_design29_p67_text.jpg,"Design No. 29 (Albert Brunel), text, printed p. 67 (2,296 ft, granite)",https://archive.org/details/descriptiveillus00lynd/page/n74/mode/1up,https://iiif.archive.org/image/iiif/3/descriptiveillus00lynd%2fdescriptiveillus00lynd_jp2.zip%2fdescriptiveillus00lynd_jp2%2fdescriptiveillus00lynd_0075.jp2/full/max/0/default.jpg,Internet Archive / Getty Research Institute (scan); work PD,Public domain (published 1890),Fred. C. Lynde (ed.); engravings by 'Industries' (anonymous),no,"Descriptive illustrated catalogue of the sixty-eight competitive designs for the great tower for London (Lynde, 1890). Getty Research Institute copy, via Internet Archive.",1820,3042,"Getty Research Institute copy, digitised 2011, 400 ppi. Full native resolution of the processed scan (IIIF full/max of the item's JP2; identical pixels to page/n74.jpg). Leaf = scandata leafNum; IA viewer page index n = leaf-1. Verified visually 3 Oct 2026. PD: published 1890, anonymous trade engravings (Industries); PDR classes it PD worldwide. Leaf 75."
9,A09_design50_p108.jpg,"Design No. 50 (Max am Ende), Gothic tower, plate, printed p. 108",https://archive.org/details/descriptiveillus00lynd/page/n115/mode/1up,https://iiif.archive.org/image/iiif/3/descriptiveillus00lynd%2fdescriptiveillus00lynd_jp2.zip%2fdescriptiveillus00lynd_jp2%2fdescriptiveillus00lynd_0116.jp2/full/max/0/default.jpg,Internet Archive / Getty Research Institute (scan); work PD,Public domain (published 1890),Fred. C. Lynde (ed.); engravings by 'Industries' (anonymous),no,"Descriptive illustrated catalogue of the sixty-eight competitive designs for the great tower for London (Lynde, 1890). Getty Research Institute copy, via Internet Archive.",1820,3042,"Getty Research Institute copy, digitised 2011, 400 ppi. Full native resolution of the processed scan (IIIF full/max of the item's JP2; identical pixels to page/n115.jpg). Leaf = scandata leafNum; IA viewer page index n = leaf-1. Verified visually 3 Oct 2026. PD: published 1890, anonymous trade engravings (Industries); PDR classes it PD worldwide. Leaf 116."
9,A09_design50_p109_text.jpg,"Design No. 50 (Max am Ende), text, printed p. 109 (spiral railway, 1st/2nd/3rd class)",https://archive.org/details/descriptiveillus00lynd/page/n116/mode/1up,https://iiif.archive.org/image/iiif/3/descriptiveillus00lynd%2fdescriptiveillus00lynd_jp2.zip%2fdescriptiveillus00lynd_jp2%2fdescriptiveillus00lynd_0117.jp2/full/max/0/default.jpg,Internet Archive / Getty Research Institute (scan); work PD,Public domain (published 1890),Fred. C. Lynde (ed.); engravings by 'Industries' (anonymous),no,"Descriptive illustrated catalogue of the sixty-eight competitive designs for the great tower for London (Lynde, 1890). Getty Research Institute copy, via Internet Archive.",1820,3042,"Getty Research Institute copy, digitised 2011, 400 ppi. Full native resolution of the processed scan (IIIF full/max of the item's JP2; identical pixels to page/n116.jpg). Leaf = scandata leafNum; IA viewer page index n = leaf-1. Verified visually 3 Oct 2026. PD: published 1890, anonymous trade engravings (Industries); PDR classes it PD worldwide. Leaf 117."
11,A11_preface_heights_p4.jpg,"Preface, printed p. 4: Eiffel Tower engraving with height comparison (Washington Obelisk, Great Pyramid, St Peter's etc.)",https://archive.org/details/descriptiveillus00lynd/page/n7/mode/1up,https://iiif.archive.org/image/iiif/3/descriptiveillus00lynd%2fdescriptiveillus00lynd_jp2.zip%2fdescriptiveillus00lynd_jp2%2fdescriptiveillus00lynd_0008.jp2/full/max/0/default.jpg,Internet Archive / Getty Research Institute (scan); work PD,Public domain (published 1890),Fred. C. Lynde (ed.); engravings by 'Industries' (anonymous),no,"Descriptive illustrated catalogue of the sixty-eight competitive designs for the great tower for London (Lynde, 1890). Getty Research Institute copy, via Internet Archive.",1820,3042,"Getty Research Institute copy, digitised 2011, 400 ppi. Full native resolution of the processed scan (IIIF full/max of the item's JP2; identical pixels to page/n7.jpg). Leaf = scandata leafNum; IA viewer page index n = leaf-1. Verified visually 3 Oct 2026. PD: published 1890, anonymous trade engravings (Industries); PDR classes it PD worldwide. Leaf 8."
10,A10a_design06_p20.jpg,"Design No. 6 (S. Fisher), plate, printed p. 20",https://archive.org/details/descriptiveillus00lynd/page/n23/mode/1up,https://iiif.archive.org/image/iiif/3/descriptiveillus00lynd%2fdescriptiveillus00lynd_jp2.zip%2fdescriptiveillus00lynd_jp2%2fdescriptiveillus00lynd_0024.jp2/full/max/0/default.jpg,Internet Archive / Getty Research Institute (scan); work PD,Public domain (published 1890),Fred. C. Lynde (ed.); engravings by 'Industries' (anonymous),no,"Descriptive illustrated catalogue of the sixty-eight competitive designs for the great tower for London (Lynde, 1890). Getty Research Institute copy, via Internet Archive.",1820,3042,"Getty Research Institute copy, digitised 2011, 400 ppi. Full native resolution of the processed scan (IIIF full/max of the item's JP2; identical pixels to page/n23.jpg). Leaf 24. Full-page, higher-res source of the #10 Commons crop. Letter suffix (A10a-d) matches the D3 montage refs in edit/shots.py."
10,A10b_design35_p78.jpg,"Design No. 35, ""Upas Tree of Java"" (Peternevouro), plate, printed p. 78",https://archive.org/details/descriptiveillus00lynd/page/n85/mode/1up,https://iiif.archive.org/image/iiif/3/descriptiveillus00lynd%2fdescriptiveillus00lynd_jp2.zip%2fdescriptiveillus00lynd_jp2%2fdescriptiveillus00lynd_0086.jp2/full/max/0/default.jpg,Internet Archive / Getty Research Institute (scan); work PD,Public domain (published 1890),Fred. C. Lynde (ed.); engravings by 'Industries' (anonymous),no,"Descriptive illustrated catalogue of the sixty-eight competitive designs for the great tower for London (Lynde, 1890). Getty Research Institute copy, via Internet Archive.",1820,3042,"Getty Research Institute copy, digitised 2011, 400 ppi. Full native resolution of the processed scan (IIIF full/max of the item's JP2; identical pixels to page/n85.jpg). Leaf 86. Full-page, higher-res source of the #10 Commons crop. Letter suffix (A10a-d) matches the D3 montage refs in edit/shots.py."
10,A10c_design41_p90.jpg,"Design No. 41 (J. Tertius Wood), plate, printed p. 90",https://archive.org/details/descriptiveillus00lynd/page/n97/mode/1up,https://iiif.archive.org/image/iiif/3/descriptiveillus00lynd%2fdescriptiveillus00lynd_jp2.zip%2fdescriptiveillus00lynd_jp2%2fdescriptiveillus00lynd_0098.jp2/full/max/0/default.jpg,Internet Archive / Getty Research Institute (scan); work PD,Public domain (published 1890),Fred. C. Lynde (ed.); engravings by 'Industries' (anonymous),no,"Descriptive illustrated catalogue of the sixty-eight competitive designs for the great tower for London (Lynde, 1890). Getty Research Institute copy, via Internet Archive.",1820,3042,"Getty Research Institute copy, digitised 2011, 400 ppi. Full native resolution of the processed scan (IIIF full/max of the item's JP2; identical pixels to page/n97.jpg). Leaf 98. Full-page, higher-res source of the #10 Commons crop. Letter suffix (A10a-d) matches the D3 montage refs in edit/shots.py."
10,A10d_design65_p138.jpg,"Design No. 65 (Edwin Roundtour), plate, printed p. 138",https://archive.org/details/descriptiveillus00lynd/page/n145/mode/1up,https://iiif.archive.org/image/iiif/3/descriptiveillus00lynd%2fdescriptiveillus00lynd_jp2.zip%2fdescriptiveillus00lynd_jp2%2fdescriptiveillus00lynd_0146.jp2/full/max/0/default.jpg,Internet Archive / Getty Research Institute (scan); work PD,Public domain (published 1890),Fred. C. Lynde (ed.); engravings by 'Industries' (anonymous),no,"Descriptive illustrated catalogue of the sixty-eight competitive designs for the great tower for London (Lynde, 1890). Getty Research Institute copy, via Internet Archive.",1820,3042,"Getty Research Institute copy, digitised 2011, 400 ppi. Full native resolution of the processed scan (IIIF full/max of the item's JP2; identical pixels to page/n145.jpg). Leaf 146. Full-page, higher-res source of the #10 Commons crop. Letter suffix (A10a-d) matches the D3 montage refs in edit/shots.py."
5,A05commons_design38.jpg,"Design No. 38 (A. F. Hills), Commons crop",https://commons.wikimedia.org/wiki/File:Tower_of_London_-_design_38_(A.F._Hills).jpg,https://upload.wikimedia.org/wikipedia/commons/8/84/Tower_of_London_-_design_38_%28A.F._Hills%29.jpg,Wikimedia Commons (work PD),Public domain,"Fred C. Lynde for The Tower Company, Limited",no,"Fred C. Lynde for The Tower Company, Limited, public domain, via Wikimedia Commons",655,1521,Crop of the same IA plate; kept for the log. Prefer A05_design38_p84.jpg. Commons credit/source: https://archive.org/details/descriptiveillus00lynd/page/n3/mode/2up?view=theater. Named A05commons_ so edit/build.py's 'A05_*' lookup picks the higher-res IA plate.
10,A10_title_commons.jpg,"Catalogue title page, Commons crop",https://commons.wikimedia.org/wiki/File:Titel_-_Illustrated_Catalogue_for_the_Great_Tower_for_London.jpg,https://upload.wikimedia.org/wikipedia/commons/e/e7/Titel_-_Illustrated_Catalogue_for_the_Great_Tower_for_London.jpg,Wikimedia Commons (work PD),Public domain,"Fred C. Lynde for The Tower Company, Limited",no,"Fred C. Lynde for The Tower Company, Limited, public domain, via Wikimedia Commons",773,1226,Commons credit/source: https://archive.org/stream/descriptiveillus00lynd#page/n3/mode/2up.
10,A10_design06_commons.jpg,"Design No. 6 (S. Fisher), Commons crop",https://commons.wikimedia.org/wiki/File:Tower_of_London_-_design_6_(S._Ficher).jpg,https://upload.wikimedia.org/wikipedia/commons/7/79/Tower_of_London_-_design_6_%28S._Ficher%29.jpg,Wikimedia Commons (work PD),Public domain,"Fred C. Lynde for The Tower Company, Limited",no,"Fred C. Lynde for The Tower Company, Limited, public domain, via Wikimedia Commons",722,1466,"IA has a higher-res copy (leaf 24, p. 20) if needed. Commons credit/source: https://archive.org/details/descriptiveillus00lynd/page/n3/mode/2up?view=theater."
10,A10_design35_commons.jpg,"Design No. 35, ""Upas Tree of Java"", Commons crop","https://commons.wikimedia.org/wiki/File:Tower_of_London_-_design_35,_%22Upas_Tree_or_Java%22_(Nicholas_C._Vouro).jpg",https://upload.wikimedia.org/wikipedia/commons/7/73/Tower_of_London_-_design_35%2C_%22Upas_Tree_or_Java%22_%28Nicholas_C._Vouro%29.jpg,Wikimedia Commons (work PD),Public domain,"Fred C. Lynde for The Tower Company, Limited",no,"Fred C. Lynde for The Tower Company, Limited, public domain, via Wikimedia Commons",585,982,"IA higher-res: leaf 86, p. 78. Commons credit/source: https://archive.org/details/descriptiveillus00lynd/page/n3/mode/2up?view=theater."
10,A10_design41_commons.jpg,"Design No. 41 (J. Tertius Wood), Commons crop",https://commons.wikimedia.org/wiki/File:Tower_of_London_-_design_41_(J._Tertius_Wood).jpg,https://upload.wikimedia.org/wikipedia/commons/d/db/Tower_of_London_-_design_41_%28J._Tertius_Wood%29.jpg,Wikimedia Commons (work PD),Public domain,"Fred C. Lynde for The Tower Company, Limited",no,"Fred C. Lynde for The Tower Company, Limited, public domain, via Wikimedia Commons",621,1067,"IA higher-res: leaf 98, p. 90. Commons credit/source: https://archive.org/details/descriptiveillus00lynd/page/n3/mode/2up?view=theater."
10,A10_design65_commons.jpg,"Design No. 65 (Edwin Roundtour), Commons crop",https://commons.wikimedia.org/wiki/File:Tower_of_London_-_design_65_(Edwin_Roundtour).jpg,https://upload.wikimedia.org/wikipedia/commons/6/66/Tower_of_London_-_design_65_%28Edwin_Roundtour%29.jpg,Wikimedia Commons (work PD),Public domain,"Fred C. Lynde for The Tower Company, Limited",no,"Fred C. Lynde for The Tower Company, Limited, public domain, via Wikimedia Commons",701,1079,"IA higher-res: leaf 146, p. 138. Commons credit/source: https://archive.org/details/descriptiveillus00lynd/page/n3/mode/2up?view=theater."
12,A12_graphic_1894_with_eiffel.jpg,"The Graphic, 14 Apr 1894: tower at Wembley beside the Eiffel Tower",https://commons.wikimedia.org/wiki/File:Watkin%27s_Tower_and_Eiffel_Tower.jpg,https://upload.wikimedia.org/wikipedia/commons/1/18/Watkin%27s_Tower_and_Eiffel_Tower.jpg,Wikimedia Commons (work PD),Public domain,Unknown photographer,no,"Unknown photographer, public domain, via Wikimedia Commons",686,1070,"Commons credit/source: The Graphic: Tower at Wembley, S. 422, article from 14th April 1894."
14,A14_first_stage.jpg,"Watkin tower first stage, c. 1900",https://commons.wikimedia.org/wiki/File:Watkin_tower_first_stage.jpg,https://upload.wikimedia.org/wikipedia/commons/f/f9/Watkin_tower_first_stage.jpg,Wikimedia Commons (work PD),Public domain,Unknown photographer,no,"Unknown photographer, public domain, via Wikimedia Commons",500,315,Commons credit/source: The Public Domain Review.
15,A15_wembley_tower_about_1900.jpg,Wembley Tower about 1900,https://commons.wikimedia.org/wiki/File:Wembley_Tower_about_1900.jpg,https://upload.wikimedia.org/wikipedia/commons/a/aa/Wembley_Tower_about_1900.jpg,Wikimedia Commons (work PD),Public domain,Unknown author,no,"Unknown author, public domain, via Wikimedia Commons",500,311,Provenance weak (Commons source is a WordPress blog). Commons credit/source: https://undertheboard.files.wordpress.com/2013/10/wembley-tower-1.jpg.
16,A16_during_construction.jpg,"Watkin's Tower during construction, before 1900",https://commons.wikimedia.org/wiki/File:Watkin%27s_Tower_-_during_construction.jpg,https://upload.wikimedia.org/wikipedia/commons/e/e3/Watkin%27s_Tower_-_during_construction.jpg,Wikimedia Commons (work PD),Public domain,Unknown photographer,no,"Unknown photographer, public domain, via Wikimedia Commons",510,428,Commons credit/source: The Public Domain Review.
17,A17_wembley_park_general_view.jpg,"General view of Wembley Park with the tower, c. 1900 (b/w)",https://commons.wikimedia.org/wiki/File:General_View_of_Wembley_Park_with_Watkin%27s_Tower.jpg,https://upload.wikimedia.org/wikipedia/commons/f/f0/General_View_of_Wembley_Park_with_Watkin%27s_Tower.jpg,Wikimedia Commons (work PD),Public domain,Unknown photographer,no,"Unknown photographer, public domain, via Wikimedia Commons",620,380,Commons credit/source: Gasp at the south London entries for the 1890 Great Tower Of London competition.
19,A19_tower_with_crowd.jpg,"Tower with crowd, 1890s (reproduced in Rowley 2006, p. 405)",https://commons.wikimedia.org/wiki/File:Watkins%27s_Tower_-_Image_with_society.jpg,https://upload.wikimedia.org/wikipedia/commons/4/43/Watkins%27s_Tower_-_Image_with_society.jpg,Wikimedia Commons (work PD),Public domain,Unknown author,no,"Unknown author, public domain, via Wikimedia Commons",1377,945,"Commons credit/source: The English Landscape in the Twentieth Century, p. 405."
21,A21_vanity_fair_1875.jpg,"Vanity Fair caricature of Watkin, 'The Railway Interest', Ape, 6 Nov 1875","https://commons.wikimedia.org/wiki/File:Edward_William_Watkin,_Vanity_Fair,_1875-11-06.jpg",https://upload.wikimedia.org/wikipedia/commons/7/70/Edward_William_Watkin%2C_Vanity_Fair%2C_1875-11-06.jpg,Wikimedia Commons (work PD),Public domain,Carlo Pellegrini,no,"Carlo Pellegrini, public domain, via Wikimedia Commons",600,995,"Commons credit/source: Vanity Fair, 6 November 1875."
22,A22_watkin_portrait_fox_1891.jpg,"Oil portrait of Watkin by Augustus Henry Fox, 1891 (Commons copy)",https://commons.wikimedia.org/wiki/File:Portrait_of_Sir_Edward_W._Watkin.jpg,https://upload.wikimedia.org/wikipedia/commons/8/8b/Portrait_of_Sir_Edward_W._Watkin.jpg,Wikimedia Commons (work PD),Public domain,Augustus Henry Fox,no,"Augustus Henry Fox, public domain, via Wikimedia Commons",498,600,"Commons copy only, NOT a Science Museum Group hi-res (SMG hi-res carries SMG terms). Commons credit/source: http://collectionsonline.nmsi.ac.uk/grabimg.php?wm=1&kv=115302."
24,A24_foundation_craters_1922.jpg,"Aerofilms aerial of the tower's foundation craters, 1922",https://commons.wikimedia.org/wiki/File:Fundament_relict_of_Watkin%27s_Tower_-_1922.jpg,https://upload.wikimedia.org/wikipedia/commons/b/ba/Fundament_relict_of_Watkin%27s_Tower_-_1922.jpg,Wikimedia Commons (work PD),Public domain,Simmons Aerofilms,no,"Simmons Aerofilms, public domain, via Wikimedia Commons",1374,1128,"Original negative in Historic England's Aerofilms collection (sold by HE); Commons copy via Rowley 2006 p. 406. PD-tagged; confidence M. Commons credit/source: The English Landscape in the Twentieth Century, p. 406."
27,A27_wembley_stadium_1923.jpg,"Wembley stadium, 1923",https://commons.wikimedia.org/wiki/File:Wembley_stadium_1923.jpg,https://upload.wikimedia.org/wikipedia/commons/b/b6/Wembley_stadium_1923.jpg,Wikimedia Commons (work PD),Public domain,Unknown author,no,"Unknown author, public domain, via Wikimedia Commons",800,450,Commons credit/source: Here.
28,A28_aerial_1923_nyt.jpg,"Aerial view, NYT 13 May 1923 (Wide World)",https://commons.wikimedia.org/wiki/File:WembleyStadiumAerialView1923.jpg,https://upload.wikimedia.org/wikipedia/commons/6/60/WembleyStadiumAerialView1923.jpg,Wikimedia Commons (work PD),Public domain,Times Wide World Photo,no,"Times Wide World Photo, public domain, via Wikimedia Commons",757,522,"PD-US (pre-1931); UK probably PD (anonymous agency photo). Confidence M. Commons credit/source: New York Times, May 13, 1923, pg. 105."
29,A29_aerial_1924_cup_final.jpg,Aerial view during the 1924 Cup Final (International News Service),"https://commons.wikimedia.org/wiki/File:Wembley_Stadium,_1924_photograph_by_International.jpg",https://upload.wikimedia.org/wikipedia/commons/0/04/Wembley_Stadium%2C_1924_photograph_by_International.jpg,Wikimedia Commons (work PD),Public domain,International News Service,no,"International News Service, public domain, via Wikimedia Commons",3521,2449,"PD-US; UK probably PD. Confidence M. Commons credit/source: https://www.newspapers.com/article/chicago-tribune-wembley-stadium-1924-ph/148702084/, Chicago Tribune, May 25, 1924, pg. 123."
W1,W01_today_aerial_bowl_arch.jpg,"Wembley Stadium today: high oblique aerial, bowl and arch (2012)",https://commons.wikimedia.org/wiki/File:Wembley_Stadium._London_(26986246028).jpg,https://live.staticflickr.com/811/26986246028_c706d1c6cf_o.jpg,Wikimedia Commons,CC BY 2.0 (https://creativecommons.org/licenses/by/2.0),Mike McBey,yes,"“Wembley Stadium. London (26986246028).jpg” by Mike McBey, CC BY 2.0 (https://creativecommons.org/licenses/by/2.0), via Wikimedia Commons",2983,1537,"Present-day stand-in until Google Earth Studio shots exist. Commons credit/source: Wembley Stadium. London. Downloaded from the Flickr original (https://www.flickr.com/photos/158652122@N02/26986246028/) because upload.wikimedia.org was rate-limiting this IP; bit-identical to the Commons original https://upload.wikimedia.org/wikipedia/commons/e/e8/Wembley_Stadium._London_%2826986246028%29.jpg (SHA-1 069a61d596951e297c2edb1efde209c325079947, 1,878,310 bytes)."
W2,W02_today_aerial_wide_2025.jpg,Wembley Stadium today: wide aerial from the south-east with Wormwood Scrubs (2025),https://commons.wikimedia.org/wiki/File:Wembley_Stadium_and_Wormwood_Scrubbs_2025-03-31.jpg,https://upload.wikimedia.org/wikipedia/commons/8/82/Wembley_Stadium_and_Wormwood_Scrubbs_2025-03-31.jpg,Wikimedia Commons,CC BY 2.0 (https://creativecommons.org/licenses/by/2.0),kitmasterbloke,yes,"“Wembley Stadium and Wormwood Scrubbs 2025-03-31.jpg” by kitmasterbloke, CC BY 2.0 (https://creativecommons.org/licenses/by/2.0), via Wikimedia Commons",1806,2418,Present-day stand-in. Taken from an aircraft window; slight haze. Commons credit/source: https://www.flickr.com/photos/58415659@N00/54567571226/.
W3,W03_today_arch_close.jpg,"Wembley arch, close view from below (2012)",https://commons.wikimedia.org/wiki/File:Wembley_arch_(7826897124).jpg,https://upload.wikimedia.org/wikipedia/commons/6/6e/Wembley_arch_%287826897124%29.jpg,Wikimedia Commons,CC BY 2.0 (https://creativecommons.org/licenses/by/2.0),Ivan Bandura,yes,"“Wembley arch (7826897124).jpg” by Ivan Bandura, CC BY 2.0 (https://creativecommons.org/licenses/by/2.0), via Wikimedia Commons",2592,3872,Present-day stand-in. Commons credit/source: Wembley arch.
W4,W04_today_olympic_way_cc0.jpg,"Wembley Stadium from Olympic Way (Wembley Way), empty, portrait","https://commons.wikimedia.org/wiki/File:Wembley_-_Olympic_Way,_view_of_the_stadium.jpg",https://upload.wikimedia.org/wikipedia/commons/d/d0/Wembley_-_Olympic_Way%2C_view_of_the_stadium.jpg,Wikimedia Commons (work PD),CC0 (http://creativecommons.org/publicdomain/zero/1.0/deed.en),Romainbehar,no,"Romainbehar (CC0), via Wikimedia Commons",3096,4128,Present-day stand-in. CC0: no attribution required (credited anyway). Commons credit/source: Own work.
W5,W05_today_wembley_way_crowd_2011.jpg,"Fans walking up Wembley Way to the stadium, 3 Apr 2011","https://commons.wikimedia.org/wiki/File:Wembley_Stadium,_3_April_2011.jpg",https://upload.wikimedia.org/wikipedia/commons/c/ca/Wembley_Stadium%2C_3_April_2011.jpg,Wikimedia Commons,CC BY 2.0 (https://creativecommons.org/licenses/by/2.0),"Gareth Williams from Redhill, England",yes,"“Wembley Stadium, 3 April 2011.jpg” by Gareth Williams from Redhill, England, CC BY 2.0 (https://creativecommons.org/licenses/by/2.0), via Wikimedia Commons",4272,2848,Present-day stand-in. Identifiable members of the public in foreground: fine for editorial use. Commons credit/source: The New Wembley Way - Apr 2011 - More in Hope Than Expectation.
N1,N01_ne_10m_coastline.zip,Natural Earth 1:10m coastline (shapefile),https://www.naturalearthdata.com/downloads/,https://naciscdn.org/naturalearth/10m/physical/ne_10m_coastline.zip,Natural Earth,Public domain (Natural Earth terms of use),Natural Earth (naturalearthdata.com),no,Made with Natural Earth. Free vector and raster map data @ naturalearthdata.com.,,,"Vector data, version 5.1.x. Converted/clipped GeoJSON for the Manchester-London-Dover-Paris map is written to assets/geo/ (land.geojson = 10m countries region clip, used by edit/build.py) by fetch_assets.py."
N2,N02_ne_10m_admin_0_countries.zip,Natural Earth 1:10m admin-0 countries (shapefile),https://www.naturalearthdata.com/downloads/,https://naciscdn.org/naturalearth/10m/cultural/ne_10m_admin_0_countries.zip,Natural Earth,Public domain (Natural Earth terms of use),Natural Earth (naturalearthdata.com),no,Made with Natural Earth. Free vector and raster map data @ naturalearthdata.com.,,,"Vector data, version 5.1.x. Converted/clipped GeoJSON for the Manchester-London-Dover-Paris map is written to assets/geo/ (land.geojson = 10m countries region clip, used by edit/build.py) by fetch_assets.py."
N3,N03_ne_50m_coastline.zip,Natural Earth 1:50m coastline (shapefile),https://www.naturalearthdata.com/downloads/,https://naciscdn.org/naturalearth/50m/physical/ne_50m_coastline.zip,Natural Earth,Public domain (Natural Earth terms of use),Natural Earth (naturalearthdata.com),no,Made with Natural Earth. Free vector and raster map data @ naturalearthdata.com.,,,"Vector data, version 5.1.x. Converted/clipped GeoJSON for the Manchester-London-Dover-Paris map is written to assets/geo/ (land.geojson = 10m countries region clip, used by edit/build.py) by fetch_assets.py."
N4,N04_ne_50m_admin_0_countries.zip,Natural Earth 1:50m admin-0 countries (shapefile),https://www.naturalearthdata.com/downloads/,https://naciscdn.org/naturalearth/50m/cultural/ne_50m_admin_0_countries.zip,Natural Earth,Public domain (Natural Earth terms of use),Natural Earth (naturalearthdata.com),no,Made with Natural Earth. Free vector and raster map data @ naturalearthdata.com.,,,"Vector data, version 5.1.x. Converted/clipped GeoJSON for the Manchester-London-Dover-Paris map is written to assets/geo/ (land.geojson = 10m countries region clip, used by edit/build.py) by fetch_assets.py."
